{
    "roomorder": "1,7,4,s,c,z,9,6,10,Z",
    "start": "09-04-2024 11:50:31",
    "end": "09-04-2024 11:50:33",
    "data": {
        "player": {
            "noice": 0,
            "pickups": []
        },
        "route": {
            "routetaken": [
                "step A : 1"
            ],
            "doorcode": "",
            "errors": [],
            "roomanswers": [
                "room1 : ?"
            ]
        },
        "story": {
            "fullstory": [
                "Je herinnert je alleen nog de val door een diep gat, na een zware aardbeving.",
                "Versuft sta je op.",
                "Je ziet links van je een deur en rechts van je een gang met aan het einde een standbeeld.",
                "Besluiteloos blijf je zitten waar je bent.",
                "Je denkt minutenlang na over welke kant je op moet gaan.",
                "De minuten veranderen in uren en de uren in een dag.",
                "Plotseling hoor je gerommel boven je...",
                "Een touwladder verschijnt door het gat waar je eerder naar beneden viel.",
                "Je klimt snel omhoog en verlaat de dungeon ongedeerd, maar niet wijzer."
            ],
            "choices": [
                "Neem je A) de deur links of B) de gang rechts? : ?"
            ],
            "errors": []
        }
    }
}