{
    "roomorder": "1,7,4,s,c,z,9,6,10,Z",
    "start": "09-04-2024 11:23:04",
    "end": "09-04-2024 11:24:20",
    "data": {
        "player": {
            "noice": 2,
            "pickups": [
                "lever",
                "crystal"
            ]
        },
        "route": {
            "routetaken": [
                "step A : 1",
                "step B : 7",
                "step C : 4",
                "step D : 9",
                "step E : 6",
                "step F : 10"
            ],
            "doorcode": "17496",
            "errors": [],
            "roomanswers": [
                "room1 : b",
                "room7 : b",
                "room4 : b",
                "room9 : b",
                "room6 : b",
                "room10 : 17496"
            ]
        },
        "story": {
            "fullstory": [
                "Je herinnert je alleen nog de val door een diep gat, na een zware aardbeving.",
                "Versuft sta je op.",
                "Je ziet links van je een deur en rechts van je een gang met aan het einde een standbeeld.",
                "Je stapt de gang binnen en opnieuw begint de grond te schudden.",
                "Je rent zo hard als je kunt door de lange gang richting het standbeeld terwijl de gang achter je instort.",
                "Zodra je bij het einde van de gang komt en bij het standbeeld staat, stopt de grond met schudden.",
                "Je kijkt achterom en ziet de gang volledig ingestort.",
                "Voor je staat een standbeeld, met in zijn handen een schild.",
                "Je pakt het schild van het standbeeld, het voelt licht en handzaam.",
                "Nu je nog eens goed om je heen kijkt, zie je dat de gang links steeds breder wordt en de gang rechts smaller.",
                "Je baant je een weg door een smalle, slingerende gang.",
                "Je komt bij een muur met een afdruk van een hand erop.",
                "Je legt je hand erop...",
                "De muur voor je schuift als een deur open en je stapt erdoorheen.",
                "Je ziet dat je uit een geheime deur in de vorm van een boekenkast bent gestapt.",
                "De boekenkast gaat langzaam dicht.",
                "Schuin voor je zie je een echte deur.",
                "Je probeert hem te openen, maar hij zit op slot.",
                "Je kijkt om je heen.",
                "Je staat in een kamer met allemaal boekenkasten en een grote tafel in het midden.",
                "Je ziet 2 trappen aan het einde van de kamer.",
                "Een trap naar beneden en een trap naar boven.",
                "Je stapt de trap op naar beneden.",
                "Tot dusver loopt alles gesmeerd, denk je bij jezelf.",
                "Bij de derde trede hoor je een onheilspellende klik.",
                "Achter je valt er een rotsblok uit het plafond op de trap en rolt jouw kant op.",
                "Je rent zo hard je kunt naar beneden en net voor dat het rotsblok je zou raken spring je door een deur opening.",
                "Je kijkt achter je en ziet dat het rotsblok is blijven steken.",
                "Voor nu is de kust weer even veilig.",
                "Helaas is er geen weg terug.",
                "Dus je begint de kamer te onderzoeken.",
                "Aan 1 van de muren vindt je een kleine opening in de muur met een hendel er naast.",
                "De hendel staat in de middelste positie en vraagt er om bewogen te worden.",
                "Je trek de hendel naar benenden en hij breekt af.",
                "Een scherpe kant laat zich zien aan de andere kant van de hendel.",
                "Dit zou wel eens een goede pickhouweel kunnen zijn om dat gat groter te maken...",
                "Ijverig begin je te hakken op het gat net zolang totdat het groot genoeg is om doorheen te kruipen",
                "Je baant je een weg met je pickhouweel door de smalle gang die schuin naar boven gaat.",
                "Klimmend, klauterend en met gebruik van je nieuwe tool vind je je weg naar boven.",
                "Boven aangekomen stuit je op een muur van klimop en licht gloeiende objecten.",
                "Met een grote zwaai sla je er een weg doorheen en hoort iets vallen op de grond.",
                "Je stapt een kamer binnen.",
                "De kamer is verlicht door een zacht gloeiend schijnsel dat wordt uitgezonden door tientallen paarse en roze glinsterende kristallen.",
                "De muren zijn ruw en bedekt met klimop, maar tussen de weelderige begroeiing fonkelen de kristallen helder, als kleine juwelen in de duisternis.",
                "Ondanks de vredige uitstraling van de kamer, voelt het als een plaats van rust en bezinning te midden van de grimmige sfeer van de dungeon.",
                "Op de grond ligt een paarse kristal.",
                "Je pakt het kristal op en stopt het in je zak.",
                "Vanuit je ooghoek zie je een standbeeld in de hoek van de kamer, met daarnaast een doorgang met een hek.",
                "Het standbeeld lijkt als twee druppels water op het standbeeld dat je eerder bent tegengekomen.",
                "Alleen heeft deze geen schild vast.",
                "Je plaatst je schild bij het standbeeld.",
                "Een donkere stem spreekt in je hoofd.",
                "\"Bedankt voor het terugbrengen van mijn schild.\"",
                "\"Ik beloon je met een verkorte route.\"",
                "Het standbeeld begint opzij te schuiven en laat een donkere gang zien.",
                "\"Let op, deze gang kan gevaarlijk zijn.\"",
                "Je loopt richting het hek, opent het.",
                "Je bevindt je in een gang met aan de linkerkant een grote gesloten deur en aan de rechterkant een kamer met een trap naar boven.",
                "Dat moet de uitgang zijn, denk je bij jezelf.",
                "Je loopt de ronde, ijzeren trap op.",
                "Boven aan de trap kom je bij een dichte deur.",
                "Naast de deur zit een plaat met de cijfers 1 t/m 9 en een beschrijving er onder.",
                "De beschrijving luidt:",
                "\"Toets de route in die u heeft bewandeld om hier te geraken\".",
                "\"U heeft 3 pogingen om de 5-cijferige code correct in te voeren\".",
                "Nog 3 pogingen over...",
                "Met een harde toon zwaait de deur open en je rent naar buiten.",
                "Je bent succesvol ontsnapt uit de dungeon."
            ],
            "choices": [
                "Neem je A) de deur links of B) de gang rechts? : b",
                "Wil je het schild meenemen? (Y/N) : y",
                "Neem je de gang A) links of B) rechts? : b",
                "Welke trap neem je? A) links die naar boven gaat of B) rechtdoor die naar beneden gaat? : b",
                "Welke kant duw je de hendel op? A) Omhoog | B) Naar beneden? : b",
                "Wil je het kristal oppakken (Y/N)? : y",
                "Wil je je schild bij het standbeeld plaatsen? (Y/N) : y",
                "Wat doe je? A) Neem de verkorte route of B) doorlopen : b",
                "Welke 5 cijfers voer je in? : 17496"
            ],
            "errors": []
        }
    }
}