{
    "roomorder": "1,4,3,2,6,5,8,7,9,10",
    "start": "09-04-2024 10:52:08",
    "end": "09-04-2024 10:52:19",
    "data": {
        "player": {
            "noice": 0,
            "pickups": []
        },
        "route": {
            "routetaken": [
                "step A : 1",
                "step B : 4",
                "step C : 3"
            ],
            "doorcode": "",
            "errors": [],
            "roomanswers": [
                "room1 : b",
                "room4 : b",
                "room3 : None"
            ]
        },
        "story": {
            "fullstory": [
                "Je herinnert je alleen nog de val door een diep gat, na een zware aardbeving.",
                "Versuft sta je op.",
                "Je ziet links van je een deur en rechts van je een gang met aan het einde een standbeeld.",
                "Je opent de deur en stapt er doorheen.",
                "Tot je verbazing laat je de deur los.",
                "De deur valt achter je in het slot en lijkt niet meer open te kunnen.",
                "Je staat in een kamer met allemaal boekenkasten en een grote tafel in het midden.",
                "Je ziet 2 trappen aan het einde van de kamer.",
                "Een trap naar beneden en een trap naar boven.",
                "...",
                "Je bent ergens waar je niet verwacht te zijn.",
                "Je bent verdwaald geraakt in de dungeon."
            ],
            "choices": [
                "Neem je A) de deur links of B) de gang rechts? : b",
                "Welke trap neem je? A) links die naar boven gaat of B) rechtdoor die naar beneden gaat? : b"
            ],
            "errors": []
        }
    }
}