{
    "roomorder": "1,7,8,3,6,10,W,X,Y,Z",
    "start": "09-04-2024 11:12:23",
    "end": "09-04-2024 11:12:39",
    "data": {
        "player": {
            "noice": 1,
            "pickups": []
        },
        "route": {
            "routetaken": [
                "step A : 1",
                "step B : 7",
                "step C : 3"
            ],
            "doorcode": "",
            "errors": [],
            "roomanswers": [
                "room1 : b",
                "room7 : a",
                "room3 : None"
            ]
        },
        "story": {
            "fullstory": [
                "Je herinnert je alleen nog de val door een diep gat, na een zware aardbeving.",
                "Versuft sta je op.",
                "Je ziet links van je een deur en rechts van je een gang met aan het einde een standbeeld.",
                "Je stapt de gang binnen en opnieuw begint de grond te schudden.",
                "Je rent zo hard als je kunt door de lange gang richting het standbeeld terwijl de gang achter je instort.",
                "Zodra je bij het einde van de gang komt en bij het standbeeld staat, stopt de grond met schudden.",
                "Je kijkt achterom en ziet de gang volledig ingestort.",
                "Voor je staat een standbeeld, met in zijn handen een schild.",
                "Je laat het schild en standbeeld voor wat het is.",
                "Nu je nog eens goed om je heen kijkt, zie je dat de gang links steeds breder wordt en de gang rechts smaller.",
                "...",
                "Je bent ergens waar je niet verwacht te zijn.",
                "Je bent verdwaald geraakt in de dungeon."
            ],
            "choices": [
                "Neem je A) de deur links of B) de gang rechts? : b",
                "Wil je het schild meenemen? (Y/N) : n",
                "Neem je de gang A) links of B) rechts? : a"
            ],
            "errors": []
        }
    }
}