{
    "roomorder": "1,4,S,T,U,V,W,X,Y,Z",
    "start": "08-04-2024 15:38:39",
    "end": "08-04-2024 15:38:42",
    "data": {
        "player": {
            "noice": 0,
            "pickups": []
        },
        "route": {
            "routetaken": [
                "step A : 1",
                "step B : S"
            ],
            "doorcode": "",
            "errors": [
                "stap B : function roomS not found"
            ],
            "roomanswers": [
                "room1 : a",
                "roomS : None"
            ]
        },
        "story": {
            "fullstory": [
                "Je herinnert je alleen nog de val door een diep gat, na een zware aardbeving.",
                "Versuft sta je op.",
                "Je ziet links van je een deur en rechts van je een gang met aan het einde een standbeeld.",
                "...",
                "Je bent ergens waar je niet verwacht te zijn.",
                "Je bent verdwaald geraakt in de dungeon."
            ],
            "choices": [
                "Neem je A) de deur links of B) de gang rechts? : a"
            ],
            "errors": []
        }
    }
}