{
    "roomorder": "1,7,4,s,c,z,9,x,Y,Z",
    "start": "09-04-2024 11:18:48",
    "end": "09-04-2024 11:20:10",
    "data": {
        "player": {
            "noice": 1,
            "pickups": [
                "shield",
                "lever"
            ]
        },
        "route": {
            "routetaken": [
                "step A : 1",
                "step B : 7",
                "step C : 4",
                "step D : 9",
                "step E : x"
            ],
            "doorcode": "",
            "errors": [
                "stap E : function roomx not found"
            ],
            "roomanswers": [
                "room1 : b",
                "room7 : b",
                "room4 : b",
                "room9 : b",
                "roomx : None"
            ]
        },
        "story": {
            "fullstory": [
                "Je herinnert je alleen nog de val door een diep gat, na een zware aardbeving.",
                "Versuft sta je op.",
                "Je ziet links van je een deur en rechts van je een gang met aan het einde een standbeeld.",
                "Je stapt de gang binnen en opnieuw begint de grond te schudden.",
                "Je rent zo hard als je kunt door de lange gang richting het standbeeld terwijl de gang achter je instort.",
                "Zodra je bij het einde van de gang komt en bij het standbeeld staat, stopt de grond met schudden.",
                "Je kijkt achterom en ziet de gang volledig ingestort.",
                "Voor je staat een standbeeld, met in zijn handen een schild.",
                "Je pakt het schild van het standbeeld, het voelt licht en handzaam.",
                "Nu je nog eens goed om je heen kijkt, zie je dat de gang links steeds breder wordt en de gang rechts smaller.",
                "Je baant je een weg door een smalle, slingerende gang.",
                "Je komt bij een muur met een afdruk van een hand erop.",
                "Je legt je hand erop...",
                "De muur voor je schuift als een deur open en je stapt erdoorheen.",
                "Je ziet dat je uit een geheime deur in de vorm van een boekenkast bent gestapt.",
                "De boekenkast gaat langzaam dicht.",
                "Schuin voor je zie je een echte deur.",
                "Je probeert hem te openen, maar hij zit op slot.",
                "Je kijkt om je heen.",
                "Je staat in een kamer met allemaal boekenkasten en een grote tafel in het midden.",
                "Je ziet 2 trappen aan het einde van de kamer.",
                "Een trap naar beneden en een trap naar boven.",
                "Je stapt de trap op naar beneden.",
                "Tot dusver loopt alles gesmeerd, denk je bij jezelf.",
                "Bij de derde trede hoor je een onheilspellende klik.",
                "Achter je valt er een rotsblok uit het plafond op de trap en rolt jouw kant op.",
                "Je rent zo hard je kunt naar beneden en net voor dat het rotsblok je zou raken spring je door een deur opening.",
                "Je kijkt achter je en ziet dat het rotsblok is blijven steken.",
                "Voor nu is de kust weer even veilig.",
                "Helaas is er geen weg terug.",
                "Dus je begint de kamer te onderzoeken.",
                "Aan 1 van de muren vindt je een kleine opening in de muur met een hendel er naast.",
                "De hendel staat in de middelste positie en vraagt er om bewogen te worden.",
                "Je trek de hendel naar benenden en hij breekt af.",
                "Een scherpe kant laat zich zien aan de andere kant van de hendel.",
                "Dit zou wel eens een goede pickhouweel kunnen zijn om dat gat groter te maken...",
                "Ijverig begin je te hakken op het gat net zolang totdat het groot genoeg is om doorheen te kruipen",
                "...",
                "Je bent ergens waar je niet verwacht te zijn.",
                "Je bent verdwaald geraakt in de dungeon."
            ],
            "choices": [
                "Neem je A) de deur links of B) de gang rechts? : b",
                "Wil je het schild meenemen? (Y/N) : y",
                "Neem je de gang A) links of B) rechts? : b",
                "Welke trap neem je? A) links die naar boven gaat of B) rechtdoor die naar beneden gaat? : b",
                "Welke kant duw je de hendel op? A) Omhoog | B) Naar beneden? : b"
            ],
            "errors": []
        }
    }
}